icon,name,normalized_name,grades
๐ก,Adagra,adagra,III
๐ฟ,Amulet of Sea Depths,amulet of sea depths,III+
๐ฟ,Amulet Of Sea Water,amulet of sea water,III+
๐ฟ,Amulet Waves,amulet waves,III+
๐,Award of Cirta,award of cirta,I
๐ฟ,Beads of Sea Depths,beads of sea depths,III+
๐ฟ,Beads of Tsunami,beads of tsunami,III+
๐ฟ,Beads Waves,beads waves,III+
๐ช,Bec de Corbin,bec de corbin,III
๐ฟ,Bone of Skeleton,bone of skeleton,II
๐,Carbarack box,carbarack box,"III, IV"
๐ฝ,Crusher Armor,crusher armor,III
๐ฅพ,Crusher Boots,crusher boots,III
๐งค,Crusher Gloves,crusher gloves,III
๐ฟ,Crusher Necklace,crusher necklace,III
๐,Cะฒะธัะพะบ ะทะฐัะพัะบะธ,cะฒะธัะพะบ ะทะฐัะพัะบะธ,I
๐,Cะฒะธัะพะบ ะทะฐัะพัะบะธ,cะฒะธัะพะบ ะทะฐัะพัะบะธ,II
๐,Cะฒะธัะพะบ ะทะฐัะพัะบะธ,cะฒะธัะพะบ ะทะฐัะพัะบะธ,III
๐งค,Dissent Bracers,dissent bracers,III
๐ฅพ,Dissent Shoes,dissent shoes,III
๐ฝ,Graceful armor,graceful armor,III
๐,Graceful Boots,graceful boots,III
๐งค,Graceful Gloves,graceful gloves,III
๐ฉ,Graceful Helmet,graceful helmet,III
๐ฟ,Graceful Necklace,graceful necklace,III
๐,Graceful Ring,graceful ring,III
๐ก,Graceful Shield,graceful shield,III
๐ฉ,Helmet of Aspirations,helmet of aspirations,III
๐ช,Labris,labris,III
๐ฟ,Necklace of Aspirations,necklace of aspirations,III
๐ฟ,Necklace of Sea Water ะฝะพะฒะพะต,necklace of sea water ะฝะพะฒะพะต,III+
๐,Order of Cirta,order of cirta,I
๐ฟ,Pendant of sea water,pendant of sea water,III+
๐ฟ,Pendant Waves,pendant waves,III+
๐,Protection of stone,protection of stone,II
๐งค,Rhino Berserker's Gloves,rhino berserker's gloves,III
๐งค,Rhino Crusher Gloves,rhino crusher gloves,III
๐งค,Rhino Dissent Bracers,rhino dissent bracers,III
๐งค,Rhino Gloves of Aspirations,rhino gloves of aspirations,III
๐งค,Rhino Graceful Gloves,rhino graceful gloves,III
๐งค,Rhino Saboteur's Gloves,rhino saboteur's gloves,III
๐งค,Rhino Siege Heavy Gloves,rhino siege heavy gloves,III
๐ก,Rondache of paradise ัะฐะฝะบ,rondache of paradise ัะฐะฝะบ,II
๐ฅพ,Sandals of Aspirations,sandals of aspirations,III
๐ช,Sharp Sword,sharp sword,III
๐ฉ,Siege Heavy Helm,siege heavy helm,III
๐ฝ,Skeleton Armor,skeleton armor,II
๐ฉ,Skeleton Helmet,skeleton helmet,II
๐ก,Skeleton Shield,skeleton shield,II
๐ฅพ,Skeleton shoes,skeleton shoes,
๐ฆ,T.Rex armor,t.rex armor,
๐ฝ,T.Rex Armor of Aspirations,t.rex armor of aspirations,III
๐ฝ,T.Rex Berserker's Armor,t.rex berserker's armor,III
๐ฝ,T.Rex Crusher Armor,t.rex crusher armor,III
๐ฝ,T.Rex Dissent Jacket,t.rex dissent jacket,III
๐ฝ,T.Rex Graceful Armor,t.rex graceful armor,III
๐ฝ,T.Rex Saboteur's Armor,t.rex saboteur's armor,III
๐ฝ,T.Rex Saboteur's Armor [ ],t.rex saboteur's armor [ ],III
๐ฝ,T.Rex Siege Heavy Armor,t.rex siege heavy armor,III
๐,Tooth Rim of Skeleton,tooth rim of skeleton,II
๐,Trinity of Aspirations,trinity of aspirations,III
๐ฟ,Tsunami Amulet,tsunami amulet,III+
๐ช,Yataฤan of Skeleton,yataฤan of skeleton,II
๐ง,ะะบะฒะตะปััะบะธะน ะปัะบ,ะฐะบะฒะตะปััะบะธะน ะปัะบ,
๐,ะะบะฒะตะปััะบะธะน ะพะฑะตะด,ะฐะบะฒะตะปััะบะธะน ะพะฑะตะด,I
๐,ะะบะฒะตะปััะบะธะน ะพะฑะตะด,ะฐะบะฒะตะปััะบะธะน ะพะฑะตะด,III
๐ช,ะะบะธะฝะฐะบ,ะฐะบะธะฝะฐะบ,II
๐,ะะบะบัะผัะปััะพั ะขัะผั [ะะฒะตะฝั],ะฐะบะบัะผัะปััะพั ััะผั [ะธะฒะตะฝั],I
๐,ะะบัะตัััะฐั ะผะฐัะตัะธะธ,ะฐะบัะตัััะฐั ะผะฐัะตัะธะธ,II
๐,ะะบัะตัััะฐั ะผะฐัะตัะธะธ,ะฐะบัะตัััะฐั ะผะฐัะตัะธะธ,III
๐,ะะบัะธะฒะฝะฐั ะทะฐัะธัะฐ,ะฐะบัะธะฒะฝะฐั ะทะฐัะธัะฐ,II
๐,ะะบัะธะฒะฝะฐั ะทะฐัะธัะฐ,ะฐะบัะธะฒะฝะฐั ะทะฐัะธัะฐ,III
๐,ะะบัะธะฒะฝะฐั ะทะฐัะธัะฐ,ะฐะบัะธะฒะฝะฐั ะทะฐัะธัะฐ,IV
๐ฅ๐,ะะบัะธะฒะฝะฐั ะทะฐัะธัะฐ,ะฐะบัะธะฒะฝะฐั ะทะฐัะธัะฐ,V
โ๏ธ,ะะผะฐัะฐะฝั,ะฐะผะฐัะฐะฝั,
๐,ะะผัะปะตั ะพัะฐะบัะปะฐ,ะฐะผัะปะตั ะพัะฐะบัะปะฐ,IV
๐,ะะตะทะพะฟะฐัะฝัะน ัะฒะธัะพะบ ะทะฐัะพัะบะธ,ะฑะตะทะพะฟะฐัะฝัะน ัะฒะธัะพะบ ะทะฐัะพัะบะธ,I
๐,ะะตะทะพะฟะฐัะฝัะน ัะฒะธัะพะบ ะทะฐัะพัะบะธ,ะฑะตะทะพะฟะฐัะฝัะน ัะฒะธัะพะบ ะทะฐัะพัะบะธ,II
๐,ะะตะทะพะฟะฐัะฝัะน ัะฒะธัะพะบ ะทะฐัะพัะบะธ,ะฑะตะทะพะฟะฐัะฝัะน ัะฒะธัะพะบ ะทะฐัะพัะบะธ,III
๐,ะะตะทะพะฟะฐัะฝัะน ัะฒะธัะพะบ ะทะฐัะพัะบะธ,ะฑะตะทะพะฟะฐัะฝัะน ัะฒะธัะพะบ ะทะฐัะพัะบะธ,IV
๐ด,ะะธะพัะพะบ,ะฑะธะพัะพะบ,
๐ด,ะะธะพัะพะบะพะฒะฐั ะฟะปะฐััะธะฝะฐ,ะฑะธะพัะพะบะพะฒะฐั ะฟะปะฐััะธะฝะฐ,
๐,ะะปะตััััะธะต ะปะฐัั,ะฑะปะตััััะธะต ะปะฐัั,
๐ฅ,ะะปัะดะพ ะธะท ะผััะฐ,ะฑะปัะดะพ ะธะท ะผััะฐ,I
๐ฅ,ะะปัะดะพ ะธะท ะผััะฐ,ะฑะปัะดะพ ะธะท ะผััะฐ,III
๐ฒ,ะะปัะดะพ ะธะท ััะฑั,ะฑะปัะดะพ ะธะท ััะฑั,I
๐ฒ,ะะปัะดะพ ะธะท ััะฑั,ะฑะปัะดะพ ะธะท ััะฑั,III
๐งช,ะะพะณะฐัััะฒะพ ัะพัะณะพะฒัะฐ,ะฑะพะณะฐัััะฒะพ ัะพัะณะพะฒัะฐ,
๐,ะะพะถะตััะฒะตะฝะฝะฐั ะผะธะปะพััั,ะฑะพะถะตััะฒะตะฝะฝะฐั ะผะธะปะพััั,II
๐,ะะพะถะตััะฒะตะฝะฝะฐั ะผะธะปะพััั,ะฑะพะถะตััะฒะตะฝะฝะฐั ะผะธะปะพััั,III
๐,ะะพะถะตััะฒะตะฝะฝะฐั ะผะธะปะพััั,ะฑะพะถะตััะฒะตะฝะฝะฐั ะผะธะปะพััั,IV
๐,ะะพะฝัั ัะตะณะตะฝะตัะฐัะธะธ 24ั,ะฑะพะฝัั ัะตะณะตะฝะตัะฐัะธะธ 24ั,
๐ฅพ,ะะพัะธะฝะบะธ ัะตัััะฒะพััะธ,ะฑะพัะธะฝะบะธ ัะตัััะฒะพััะธ,II
,ะัะฐัะปะตัั ัะบะพัะพััะธ,ะฑัะฐัะปะตัั ัะบะพัะพััะธ,II
๐,ะัะธะปะปะธะฐะฝัะพะฒัะต ัะตััะณะธ,ะฑัะธะปะปะธะฐะฝัะพะฒัะต ัะตััะณะธ,I
๐ก,ะัะพะฝะทะพะฒัะน ะบะฐะปะบะฐะฝ,ะฑัะพะฝะทะพะฒัะน ะบะฐะปะบะฐะฝ,III
โบ๏ธ,ะัะบ,ะฑัะบ,
๐ฟ,ะััั ะฟัะตะดะฒะธะดะตะฝะธั,ะฑััั ะฟัะตะดะฒะธะดะตะฝะธั,II
๐ฅช,ะััะตัะฑัะพะด - 24ั,ะฑััะตัะฑัะพะด - 24ั,III
๐ฅช,ะััะตัะฑัะพะด - 7 ะดะฝะตะน,ะฑััะตัะฑัะพะด - 7 ะดะฝะตะน,III
๐งค,ะัััััะต ะฟะฐะปััั,ะฑัััััะต ะฟะฐะปััั,II
๐,ะะฐะผะฟะธัะธะทะผ,ะฒะฐะผะฟะธัะธะทะผ,II
๐,ะะฐะผะฟะธัะธะทะผ,ะฒะฐะผะฟะธัะธะทะผ,III
๐,ะะทััะฒะฝะฐั ะผะตัะบะฐ,ะฒะทััะฒะฝะฐั ะผะตัะบะฐ,I
๐จ,ะะฝะตัะฝะธะน ะฒะธะด: ะะพะธะฝั ัะตะฒะตัะฐ,ะฒะฝะตัะฝะธะน ะฒะธะด: ะฒะพะธะฝั ัะตะฒะตัะฐ,
๐จ,ะะฝะตัะฝะธะน ะฒะธะด: ะะฐัะปะตะดะฝะธะบ ัะตะฒะตัะฐ,ะฒะฝะตัะฝะธะน ะฒะธะด: ะฝะฐัะปะตะดะฝะธะบ ัะตะฒะตัะฐ,
๐จ,ะะฝะตัะฝะธะน ะฒะธะด: ะัะบ-ะฟัะธะทัะฐะบ,ะฒะฝะตัะฝะธะน ะฒะธะด: ะพัะบ-ะฟัะธะทัะฐะบ,
๐จ,ะะฝะตัะฝะธะน ะฒะธะด: ะัะพัะฝะธะบ ะฝะฐ ะฝะตัะธััั,ะฒะฝะตัะฝะธะน ะฒะธะด: ะพัะพัะฝะธะบ ะฝะฐ ะฝะตัะธััั,
๐จ,ะะฝะตัะฝะธะน ะฒะธะด: ะัะธะฝั ะทะธะผั,ะฒะฝะตัะฝะธะน ะฒะธะด: ะฟัะธะฝั ะทะธะผั,
๐จ,ะะฝะตัะฝะธะน ะฒะธะด: ะขัะบะฒะตะฝะฝะฐั ะณะพะปะพะฒะฐ,ะฒะฝะตัะฝะธะน ะฒะธะด: ััะบะฒะตะฝะฝะฐั ะณะพะปะพะฒะฐ,
๐ฟ,ะะพะดะพัะพัะปะธ,ะฒะพะดะพัะพัะปะธ,
๐ด,ะะพะปัััะฐะผ,ะฒะพะปัััะฐะผ,
๐,ะะพะพะดััะตะฒะปะตะฝะธะต,ะฒะพะพะดััะตะฒะปะตะฝะธะต,II
๐,ะะพะพะดััะตะฒะปะตะฝะธะต,ะฒะพะพะดััะตะฒะปะตะฝะธะต,III
๐,ะะพะพะดััะตะฒะปะตะฝะธะต,ะฒะพะพะดััะตะฒะปะตะฝะธะต,IV
๐,ะะพะพะดััะตะฒะปะตะฝะธะต,ะฒะพะพะดััะตะฒะปะตะฝะธะต,V
๐,ะััััะตะป ะฒ ะณะพัะปะพ II,ะฒััััะตะป ะฒ ะณะพัะปะพ ii,II
๐,ะััััะตะป ะฒ ะณะพัะปะพ IV,ะฒััััะตะป ะฒ ะณะพัะปะพ iv,IV
๐ช,ะะปะฐะดะธัั ะะตัะตะปะธ,ะณะปะฐะดะธัั ะผะตัะตะปะธ,III+
๐ช,ะะปะตัะฐ ะะฐัะถะฐะฝั,ะณะปะตัะฐ ะผะฐัะถะฐะฝั,III+
๐ก,ะะพะฟะปะพะฝ ะะฐัะถะฐะฝั,ะณะพะฟะปะพะฝ ะผะฐัะถะฐะฝั,III+
โ,ะััะฑัะน ะผะตัะฐะปะป,ะณััะฑัะน ะผะตัะฐะปะป,
๐ช,ะะฐะนัั,ะดะฐะนัั,IV
๐ช,ะะฒััััะฝัะน ะผะพะปะพั ะฒะพะนะฝั,ะดะฒััััะฝัะน ะผะพะปะพั ะฒะพะนะฝั,IV
๐,ะะตะปะธะบะฐัะตัะฝะพะต ะผััะพ,ะดะตะปะธะบะฐัะตัะฝะพะต ะผััะพ,
๐ช,ะะตัะตะฒัะฝะฝัะน ะผะตั,ะดะตัะตะฒัะฝะฝัะน ะผะตั,I
๐ฅ,ะัะฐะฝะณะฐััะบะฐั ะผะพัะบะพะฒั,ะดัะฐะฝะณะฐััะบะฐั ะผะพัะบะพะฒั,
๐,ะัะตะฒะฝะตะต ะบะพะปััะพ ะฐะฒะฐะฝะณะฐัะดะฐ,ะดัะตะฒะฝะตะต ะบะพะปััะพ ะฐะฒะฐะฝะณะฐัะดะฐ,III
,ะัะตะฒะฝะตะต ะบะพะปััะพ ะบัะพะฒะธ,ะดัะตะฒะฝะตะต ะบะพะปััะพ ะบัะพะฒะธ,
๐,ะัะตะฒะฝะตะต ะบะพะปััะพ ะฝะฐะธัะธั,ะดัะตะฒะฝะตะต ะบะพะปััะพ ะฝะฐะธัะธั,III
๐ฟ,ะัะตะฒะฝะตะต ะบัะพะฒะฐะฒะพะต ะพะถะตัะตะปัะต,ะดัะตะฒะฝะตะต ะบัะพะฒะฐะฒะพะต ะพะถะตัะตะปัะต,III
,ะัะตะฒะฝะธะต ะบัะพะฒะฐะฒัะต ัะฐะฟะพะณะธ,ะดัะตะฒะฝะธะต ะบัะพะฒะฐะฒัะต ัะฐะฟะพะณะธ,
,ะัะตะฒะฝะธะต ัะพะฟะพัั ะฐะฒะฐะฝะณะฐัะดะฐ,ะดัะตะฒะฝะธะต ัะพะฟะพัั ะฐะฒะฐะฝะณะฐัะดะฐ,
,ะัะตะฒะฝะธะน ะบัะพะฒะฐะฒัะน ะฝะฐะณััะดะฝะธะบ,ะดัะตะฒะฝะธะน ะบัะพะฒะฐะฒัะน ะฝะฐะณััะดะฝะธะบ,
,ะัะตะฒะฝะธะน ะผะพะปะพั ัะฐะทะปะพะผะฐ,ะดัะตะฒะฝะธะน ะผะพะปะพั ัะฐะทะปะพะผะฐ,III
๐ก๏ธ,ะัะตะฒะฝะธะน ัะธั ะธะท ััะฐะปะธ,ะดัะตะฒะฝะธะน ัะธั ะธะท ััะฐะปะธ,III
,ะัะตะฒะฝะธะน ัะธั ะบัะพะฒะธ,ะดัะตะฒะฝะธะน ัะธั ะบัะพะฒะธ,
๐ช,ะัะตะฒะฝัั ะฑัะปะฐะฒะฐ ะฝะฐะธัะธั,ะดัะตะฒะฝัั ะฑัะปะฐะฒะฐ ะฝะฐะธัะธั,III
๐ช,ะัะตะฒะฝัั ัะตะบะธัะฐ ะบัะพะฒะธ,ะดัะตะฒะฝัั ัะตะบะธัะฐ ะบัะพะฒะธ,III
โด๏ธ,ะัะฑ,ะดัะฑ,
๐,ะัะต ะพะดะฝะฐ ะฟะพะฟััะบะฐ I(111) - 1ัั,ะตัะต ะพะดะฝะฐ ะฟะพะฟััะบะฐ i(111) - 1ัั,
๐ช,ะะฐะณะฝะฐะป ะััะณะธ,ะทะฐะณะฝะฐะป ะฒััะณะธ,III+
โด๏ธ๐ฏ,ะะฐะบะฐะปะตะฝะฝะฐั ะผะตะดั,ะทะฐะบะฐะปะตะฝะฝะฐั ะผะตะดั,
โบ๐ฏ,ะะฐะบะฐะปะตะฝะฝะฐั ััะฐะปั,ะทะฐะบะฐะปะตะฝะฝะฐั ััะฐะปั,
๐ก,ะะตะปัะต,ะทะตะปัะต,II
๐ก,ะะตะปัะต (1 ั),ะทะตะปัะต (1 ั),IV
๐งช,ะะตะปัะต ะฒะพัััะฐะฝะพะฒะปะตะฝะธั 100%/ะะธะฝัะฐ ัะปั - ะทะฐ ัั,ะทะตะปัะต ะฒะพัััะฐะฝะพะฒะปะตะฝะธั 100%/ะฟะธะฝัะฐ ัะปั - ะทะฐ ัั,
๐ก,ะะตะปัะต ะฒัะฝ.,ะทะตะปัะต ะฒัะฝ.,I
๐ก,ะะตะปัะต ะฒัะฝ.,ะทะตะปัะต ะฒัะฝ.,II
๐ก,ะะตะปัะต ะฒัะฝ.,ะทะตะปัะต ะฒัะฝ.,III
๐ก,ะะตะปัะต ะฒัะฝ.,ะทะตะปัะต ะฒัะฝ.,IV
๐งช,ะะตะปัะต ะดะพะฑัััะธะบะฐ,ะทะตะปัะต ะดะพะฑัััะธะบะฐ,IV
๐งช,ะะตะปัะต ะดะพะฑัััะธะบะฐ,ะทะตะปัะต ะดะพะฑัััะธะบะฐ,III
๐ก,ะะตะปัะต ะธะฝั.,ะทะตะปัะต ะธะฝั.,I
๐ก,ะะตะปัะต ะธะฝั.,ะทะตะปัะต ะธะฝั.,II
๐ก,ะะตะปัะต ะธะฝั.,ะทะตะปัะต ะธะฝั.,III
๐ก,ะะตะปัะต ะธะฝั.,ะทะตะปัะต ะธะฝั.,IV
๐ก,ะะตะปัะต ะปะพะฒ.,ะทะตะปัะต ะปะพะฒ.,I
๐ก,ะะตะปัะต ะปะพะฒ.,ะทะตะปัะต ะปะพะฒ.,II
๐ก,ะะตะปัะต ะปะพะฒ.,ะทะตะปัะต ะปะพะฒ.,III
๐ก,ะะตะปัะต ะปะพะฒ.,ะทะตะปัะต ะปะพะฒ.,IV
๐ก๐,ะะตะปัะต ะพัะธัะตะฝะธั ะบะฐะผะฝั,ะทะตะปัะต ะพัะธัะตะฝะธั ะบะฐะผะฝั,II
๐ก๐,ะะตะปัะต ะพัะธัะตะฝะธั ะบะฐะผะฝั,ะทะตะปัะต ะพัะธัะตะฝะธั ะบะฐะผะฝั,III
๐ก๐,ะะตะปัะต ะพัะธัะตะฝะธั ะบะฐะผะฝั,ะทะตะปัะต ะพัะธัะตะฝะธั ะบะฐะผะฝั,III+
๐ก๐,ะะตะปัะต ะพัะธัะตะฝะธั ะบะฐะผะฝั,ะทะตะปัะต ะพัะธัะตะฝะธั ะบะฐะผะฝั,IV
๐ก,ะะตะปัะต ัะธะป.,ะทะตะปัะต ัะธะป.,I
๐ก,ะะตะปัะต ัะธะป.,ะทะตะปัะต ัะธะป.,II
๐ก,ะะตะปัะต ัะธะป.,ะทะตะปัะต ัะธะป.,III
๐ก,ะะตะปัะต ัะธะป.,ะทะตะปัะต ัะธะป.,IV
๐๐ฅจ,ะะฝะฐะบ ะัะปะธะฝะฐัะฐ,ะทะฝะฐะบ ะบัะปะธะฝะฐัะฐ,
๐บ,ะะฝะฐะฝะธะต ะะพะฝะณะนะธัะฐ,ะทะฝะฐะฝะธะต ะปะพะฝะณะนะธัะฐ,
๐บ,ะะฝะฐะฝะธะต ะฆะธััั,ะทะฝะฐะฝะธะต ัะธััั,
๐บ,ะะฝะฐะฝะธะต ะญะฟัะธะป,ะทะฝะฐะฝะธะต ัะฟัะธะป,
๐,ะะพะปะพััะต ัะตััะณะธ,ะทะพะปะพััะต ัะตััะณะธ,I
๐ฝ,ะะทััะฝัะน ะดะพัะฟะตั,ะธะทััะฝัะน ะดะพัะฟะตั,II
๐,ะะฝะบััััะธัะพะฒะฐะฝะฝัะน ะฟะพัั,ะธะฝะบััััะธัะพะฒะฐะฝะฝัะน ะฟะพัั,I
๐งค,ะัะบััะฝัะต ะฟะตััะฐัะบะธ,ะธัะบััะฝัะต ะฟะตััะฐัะบะธ,II
๐ง,ะะฐะฒะตะปััะบะธะน ัะตัะฝะพะบ,ะบะฐะฒะตะปััะบะธะน ัะตัะฝะพะบ,
๐,ะะฐะทะฝั,ะบะฐะทะฝั,II
๐,ะะฐะทะฝั,ะบะฐะทะฝั,IV
๐ก,ะะฐะฟะปะตะฒะธะดะฝัะน ัะธั ะะตัะตะปะธ,ะบะฐะฟะปะตะฒะธะดะฝัะน ัะธั ะผะตัะตะปะธ,III+
๐,ะะฐัะฑะฐัะฐัั,ะบะฐัะฑะฐัะฐัั,
๐ฉ,ะะฐัะผะฐ,ะบะฐัะผะฐ,
๐ช,ะะตะปัั ะััะณะธ,ะบะตะปัั ะฒััะณะธ,III+
,ะะธะฝะถะฐะปั ะพัะพัะฝะธะบะฐ ะฝะฐ ะดะตะผะพะฝะพะฒ,ะบะธะฝะถะฐะปั ะพัะพัะฝะธะบะฐ ะฝะฐ ะดะตะผะพะฝะพะฒ,IV
โ๏ธ,ะะธัะบะฐ ะผะฐััะตัะฐ,ะบะธัะบะฐ ะผะฐััะตัะฐ,III
โ๏ธ,ะะธัะบะฐ ะฟะพะดะผะฐััะตััั,ะบะธัะบะฐ ะฟะพะดะผะฐััะตััั,
๐ช,ะะปะตะฒะตั ะฟัะพะฑะพะธะฝ,ะบะปะตะฒะตั ะฟัะพะฑะพะธะฝ,II
๐ช,ะะปะตะฒะตั ะััะณะธ,ะบะปะตะฒะตั ะฟััะณะธ,III+
โบ๏ธ,ะะพะฒะฐะฝะฐั ััะฐะปั,ะบะพะฒะฐะฝะฐั ััะฐะปั,
โ๏ธ,ะะพะถะฐ,ะบะพะถะฐ,
๐ฅพ,ะะพะถะฐะฝัะต ะฑะพัะธะฝะบะธ,ะบะพะถะฐะฝัะต ะฑะพัะธะฝะบะธ,II
๐ฅพ,ะะพะถะฐะฝัะต ัะฐะฟะพะณะธ ัะฒะตัะฐ,ะบะพะถะฐะฝัะต ัะฐะฟะพะณะธ ัะฒะตัะฐ,IV
๐ฉ,ะะพะถะฐะฝัะน ัะปะตะผ ะฝะฐัะธัะบะฐ,ะบะพะถะฐะฝัะน ัะปะตะผ ะฝะฐัะธัะบะฐ,IV
๐ฟ,ะะพะปัะต ะฑะตะทัะฐัััะดััะฒะฐ,ะบะพะปัะต ะฑะตะทัะฐัััะดััะฒะฐ,II
๐ฟ,ะะพะปัะต: Crusher Necklace,ะบะพะปัะต: crusher necklace,III
๐ฟ,ะะพะปัะต: ะัะตะฒะฝะตะต ะบัะพะฒะฐะฒะพะต ะพะถะตัะตะปัะต,ะบะพะปัะต: ะดัะตะฒะฝะตะต ะบัะพะฒะฐะฒะพะต ะพะถะตัะตะปัะต,III
๐,ะะพะปััะพ ะะธะดะฐ,ะบะพะปััะพ ะฐะธะดะฐ,IV
๐,ะะพะปััะพ ะัะตัะฐ,ะบะพะปััะพ ะฐัะตัะฐ,IV
๐,ะะพะปััะพ ะะฐะฐะปะฐ,ะบะพะปััะพ ะฑะฐะฐะปะฐ,IV
๐,ะะพะปััะพ ะะตะปะธะพัะฐ,ะบะพะปััะพ ะณะตะปะธะพัะฐ,IV
๐,ะะพะปััะพ ะะตะปะธะพัะฐ,ะบะพะปััะพ ะณะตะปะธะพัะฐ,IV
๐,ะะพะปััะพ ะขะพัะบะฒะตะผะฐะดั,ะบะพะปััะพ ัะพัะบะฒะตะผะฐะดั,IV
๐,ะะพะปััะพ: Protection of stone,ะบะพะปััะพ: protection of stone,II
๐,ะะพะปััะพ: ะัะตะฒะฝะตะต ะบะพะปััะพ ะบัะพะฒะธ,ะบะพะปััะพ: ะดัะตะฒะฝะตะต ะบะพะปััะพ ะบัะพะฒะธ,III
๐,ะะพะผะฟะฐั,ะบะพะผะฟะฐั,I
๐,ะะพะผะฟะปะธะผะตะฝั,ะบะพะผะฟะปะธะผะตะฝั,
๐,ะะพัะบะฐ ัะปะตะฑะฐ - 24ั,ะบะพัะบะฐ ัะปะตะฑะฐ - 24ั,II
๐,ะะพัะพะฝะฐ,ะบะพัะพะฝะฐ,I
๐ฆด,ะะพััะธ,ะบะพััะธ,
โด๏ธ,ะะพััั,ะบะพััั,
๐ฐ,ะะพัะพะผะบะฐ ั ะทะพะปะพัะพะผ (250),ะบะพัะพะผะบะฐ ั ะทะพะปะพัะพะผ (250),
๐,ะัะธัะธัะตัะบะพะต ะธััะตะปะตะฝะธะต,ะบัะธัะธัะตัะบะพะต ะธััะตะปะตะฝะธะต,II
๐,ะัะธัะธัะตัะบะพะต ะธััะตะปะตะฝะธะต,ะบัะธัะธัะตัะบะพะต ะธััะตะปะตะฝะธะต,III
๐,ะัะธัะธัะตัะบะพะต ะธััะตะปะตะฝะธะต,ะบัะธัะธัะตัะบะพะต ะธััะตะปะตะฝะธะต,IV
๐ช,ะัะพะฒะฐะฒะฐั ัะตะบะธัะฐ,ะบัะพะฒะฐะฒะฐั ัะตะบะธัะฐ,II
โ๏ธ,ะัะพะฒั,ะบัะพะฒั,
๐ช,ะัััะธัะตะปั,ะบัััะธัะตะปั,II
๐,ะััะปัั,ะบััะปัั,I
๐ฟ,ะัะปะพะฝ ะฝะฐะธัะธั,ะบัะปะพะฝ ะฝะฐะธัะธั,II
๐ฟ,ะัะปะพะฝ ัััะตะผะปะตะฝะธะน,ะบัะปะพะฝ ัััะตะผะปะตะฝะธะน,II
๐ฅฉ,ะััะพะบ ะผััะฐ,ะบััะพะบ ะผััะฐ,
๐ช,ะะฐะฑัะธั ะฟะพะปัะผะตัััะฐ [ll],ะปะฐะฑัะธั ะฟะพะปัะผะตัััะฐ [ll],
๐ฝ,ะะตะณะบะธะน ะฟะฐะฝัะธัั,ะปะตะณะบะธะน ะฟะฐะฝัะธัั,II
๐ฝ,ะะตะดัะฝะฐั ะบะธัะฐัะฐ ะฟัะพะฒะธะดัะฐ,ะปะตะดัะฝะฐั ะบะธัะฐัะฐ ะฟัะพะฒะธะดัะฐ,III+
๐ฝ,ะะตะดัะฝะฐั ะบะพะปัััะณะฐ ะฟัะพะฒะธะดัะฐ,ะปะตะดัะฝะฐั ะบะพะปัััะณะฐ ะฟัะพะฒะธะดัะฐ,III+
๐ฝ,ะะตะดัะฝะฐั ะผะฐะฝัะธั ะถัะตัะฐ,ะปะตะดัะฝะฐั ะผะฐะฝัะธั ะถัะตัะฐ,III+
๐ฉ,ะะตะดัะฝะฐั ะผะฐัะบะฐ ะถัะตัะฐ,ะปะตะดัะฝะฐั ะผะฐัะบะฐ ะถัะตัะฐ,III+
๐,ะะตะดัะฝะฐั ะฟะตัะฐัั ะถัะตัะฐ,ะปะตะดัะฝะฐั ะฟะตัะฐัั ะถัะตัะฐ,III+
,ะะตะดัะฝะฐั ะฟะตัะฐัั ัััะฐะถะฐ,ะปะตะดัะฝะฐั ะฟะตัะฐัั ัััะฐะถะฐ,
๐ง,ะะตะดัะฝะฐั ัะดะฐัะฐ ะะพัะฐัะฐ [ะะฒะตะฝั],ะปะตะดัะฝะฐั ัะดะฐัะฐ ะบะพัะฐัะฐ [ะธะฒะตะฝั],
๐,ะะตะดัะฝะพะต ะบะพะปััะพ ะถัะตัะฐ,ะปะตะดัะฝะพะต ะบะพะปััะพ ะถัะตัะฐ,III+
๐,ะะตะดัะฝะพะต ะบะพะปััะพ ะฟัะพะฒะธะดัะฐ,ะปะตะดัะฝะพะต ะบะพะปััะพ ะฟัะพะฒะธะดัะฐ,III+
,ะะตะดัะฝะพะต ะบะพะปััะพ ัััะฐะถะฐ,ะปะตะดัะฝะพะต ะบะพะปััะพ ัััะฐะถะฐ,
,ะะตะดัะฝะพะน ะบะฐะฑะฐััะตั ัััะฐะถะฐ,ะปะตะดัะฝะพะน ะบะฐะฑะฐััะตั ัััะฐะถะฐ,
๐ฉ,ะะตะดัะฝะพะน ะบะฐะฟััะพะฝ ะถัะตัะฐ,ะปะตะดัะฝะพะน ะบะฐะฟััะพะฝ ะถัะตัะฐ,III+
๐ฉ,ะะตะดัะฝะพะน ะผะฐัะธะพะฝ ะฟัะพะฒะธะดัะฐ,ะปะตะดัะฝะพะน ะผะฐัะธะพะฝ ะฟัะพะฒะธะดัะฐ,III+
๐,ะะตะดัะฝะพะน ะฟะตัััะตะฝั ะฟัะพะฒะธะดัะฐ,ะปะตะดัะฝะพะน ะฟะตัััะตะฝั ะฟัะพะฒะธะดัะฐ,III+
๐ฅพ,ะะตะดัะฝัะต ะฑะพัะธะฝะบะธ ะถัะตัะฐ,ะปะตะดัะฝัะต ะฑะพัะธะฝะบะธ ะถัะตัะฐ,III+
๐ฅพ,ะะตะดัะฝัะต ะฑะพัะธะฝะบะธ ะฟัะพะฒะธะดัะฐ,ะปะตะดัะฝัะต ะฑะพัะธะฝะบะธ ะฟัะพะฒะธะดัะฐ,III+
,ะะตะดัะฝัะต ะฑะพัะธะฝะบะธ ัััะฐะถะฐ,ะปะตะดัะฝัะต ะฑะพัะธะฝะบะธ ัััะฐะถะฐ,
๐งค,ะะตะดัะฝัะต ะฑัะฐัะปะตัั ะถัะตัะฐ,ะปะตะดัะฝัะต ะฑัะฐัะปะตัั ะถัะตัะฐ,III+
๐งค,ะะตะดัะฝัะต ะฝะฐัััะธ ะถัะตัะฐ,ะปะตะดัะฝัะต ะฝะฐัััะธ ะถัะตัะฐ,III+
๐งค,ะะตะดัะฝัะต ะฝะฐัััะธ ะฟัะพะฒะธะดัะฐ,ะปะตะดัะฝัะต ะฝะฐัััะธ ะฟัะพะฒะธะดัะฐ,III+
๐งค,ะะตะดัะฝัะต ะฟะตััะฐัะบะธ ะฟัะพะฒะธะดัะฐ,ะปะตะดัะฝัะต ะฟะตััะฐัะบะธ ะฟัะพะฒะธะดัะฐ,III+
,ะะตะดัะฝัะต ะฟะพััะธ ะธะทะผะตะฝะฝะธะบะฐ,ะปะตะดัะฝัะต ะฟะพััะธ ะธะทะผะตะฝะฝะธะบะฐ,
,ะะตะดัะฝัะต ัะฐะฟะพะณะธ ะถัะตัะฐ,ะปะตะดัะฝัะต ัะฐะฟะพะณะธ ะถัะตัะฐ,
,ะะตะดัะฝัะต ัะฐะฟะพะณะธ ะฟัะพะฒะธะดัะฐ,ะปะตะดัะฝัะต ัะฐะฟะพะณะธ ะฟัะพะฒะธะดัะฐ,
,ะะตะดัะฝัะต ัะฐะฟะพะณะธ ัััะฐะถะฐ,ะปะตะดัะฝัะต ัะฐะฟะพะณะธ ัััะฐะถะฐ,
๐,ะะตัะฝะธะต ะัะบะธ [ะะฒะตะฝั],ะปะตัะฝะธะต ะพัะบะธ [ะธะฒะตะฝั],
,ะะธัะฝะฐั ัะตะผะบะฐ,ะปะธัะฝะฐั ัะตะผะบะฐ,
,ะะธัะฝัะต ะบัะตะปั,ะปะธัะฝัะต ะบัะตะปั,
๐ง,ะะธัะฝัะน ะฑะพะปััะพะน ัะตะผะบะพะผะฟะปะตะบั,ะปะธัะฝัะน ะฑะพะปััะพะน ัะตะผะบะพะผะฟะปะตะบั,
๐ง,ะะธัะฝัะน ัะตะผะบะพะผะฟะปะตะบั,ะปะธัะฝัะน ัะตะผะบะพะผะฟะปะตะบั,
๐,ะะธัะฝัะน ัะฒะธัะพะบ ะัะตะปะตัะฐ,ะปะธัะฝัะน ัะฒะธัะพะบ ะบัะตะปะตัะฐ,III
๐,ะะธัะฝัะน ัะฒะธัะพะบ ะัะตะปะตัะฐ,ะปะธัะฝัะน ัะฒะธัะพะบ ะบัะตะปะตัะฐ,III+
๐,ะะธัะฝัะน ัะฒะธัะพะบ ะัะตะปะตัะฐ,ะปะธัะฝัะน ัะฒะธัะพะบ ะบัะตะปะตัะฐ,IV
๐น,ะัะบ ะผะฐััะตัะฐ,ะปัะบ ะผะฐััะตัะฐ,III
๐น,ะัะบ ะฟะพะดะผะฐััะตััั,ะปัะบ ะฟะพะดะผะฐััะตััั,II
๐,ะัะบะพะฒัะน ััะฟ,ะปัะบะพะฒัะน ััะฟ,I
๐ช,ะััะตัะฝัะบะธะน ะผะพะปะพั ะะตัะตะปะธ,ะปััะตัะฝัะบะธะน ะผะพะปะพั ะผะตัะตะปะธ,III+
๐,ะะฐะปะฐัะธัะพะฒะพะต ะบะพะปััะพ,ะผะฐะปะฐัะธัะพะฒะพะต ะบะพะปััะพ,II
๐ฝ,ะะฐััะธะฒะฝัะน ะฟะฐะฝัััั,ะผะฐััะธะฒะฝัะน ะฟะฐะฝัััั,II
๐ต,ะะฐัะตัะธะฐะป ะผะฐัะตัะธะธ,ะผะฐัะตัะธะฐะป ะผะฐัะตัะธะธ,II
๐ต,ะะฐัะตัะธะฐะป ะผะฐัะตัะธะธ,ะผะฐัะตัะธะฐะป ะผะฐัะตัะธะธ,III
๐ต,ะะฐัะตัะธะฐะป ะผะฐัะตัะธะธ,ะผะฐัะตัะธะฐะป ะผะฐัะตัะธะธ,III+
๐ต,ะะฐัะตัะธะฐะป ะผะฐัะตัะธะธ,ะผะฐัะตัะธะฐะป ะผะฐัะตัะธะธ,IV
โ๏ธ,ะะฐัะตัะธั,ะผะฐัะตัะธั,II
โ๏ธ,ะะฐัะตัะธั,ะผะฐัะตัะธั,III
โ๏ธ,ะะฐัะตัะธั,ะผะฐัะตัะธั,III+
โ๏ธ,ะะฐัะตัะธั,ะผะฐัะตัะธั,IV
โด๏ธ,ะะตะดั,ะผะตะดั,
๐,ะะตัะบะฐ ะพัะพัั,ะผะตัะบะฐ ะพัะพัั,I
๐,ะะตัะพะบ ะัะธะฝัะฐ [ะะฒะตะฝั],ะผะตัะพะบ ะณัะธะฝัะฐ [ะธะฒะตะฝั],I
๐,ะะตัะพะบ ะผะฐัะตัะธะธ,ะผะตัะพะบ ะผะฐัะตัะธะธ,
๐,ะะตัะพะบ ั ัะตััััะฐะผะธ,ะผะตัะพะบ ั ัะตััััะฐะผะธ,I
๐,ะะตัะพะบ ั ัะตััััะฐะผะธ,ะผะตัะพะบ ั ัะตััััะฐะผะธ,II
๐,ะะตัะพะบ ั ัะตััััะฐะผะธ,ะผะตัะพะบ ั ัะตััััะฐะผะธ,III
๐,ะะตัะพะบ ั ัะตััััะฐะผะธ,ะผะตัะพะบ ั ัะตััััะฐะผะธ,IV
๐,ะะธะปะตะดะพะบัะฝั,ะผะธะปะตะดะพะบัะฝั,
๐ฒ,ะะพะผะตะฝัะฐะปัะฝะฐั ะปะพัะตัะตั,ะผะพะผะตะฝัะฐะปัะฝะฐั ะปะพัะตัะตั,
๐ฅ,ะะพัะบะพะฒั,ะผะพัะบะพะฒั,
๐ฆ,ะะพััะบะพะน ัะธััะตั,ะผะพััะบะพะน ัะธััะตั,
๐ง,ะะพััะณะฐ ะผะฐััะตัะฐ,ะผะพััะณะฐ ะผะฐััะตัะฐ,III
๐ง,ะะพััะณะฐ ะฟะพะดะผะฐััะตััั,ะผะพััะณะฐ ะฟะพะดะผะฐััะตััั,II
๐,ะะพัั ะฒะตััะฐ,ะผะพัั ะฒะตััะฐ,
๐ฅ,ะัะฐะผะพัะฝะพะต ะผััะพ,ะผัะฐะผะพัะฝะพะต ะผััะพ,
๐,ะะฑะตัะตะณ ะพัะฐะบัะปะฐ,ะพะฑะตัะตะณ ะพัะฐะบัะปะฐ,IV
โ๏ธ๐ฏ,ะะฑะพะถะถะตะฝะฝัะน ะฐะผะฐัะฐะฝั,ะพะฑะพะถะถะตะฝะฝัะน ะฐะผะฐัะฐะฝั,
โบ๏ธ๐ฏ,ะะฑะพะถะถะตะฝะฝัะน ะฑัะบ,ะพะฑะพะถะถะตะฝะฝัะน ะฑัะบ,
โด๏ธ๐ฏ,ะะฑะพะถะถะตะฝะฝัะน ะดัะฑ,ะพะฑะพะถะถะตะฝะฝัะน ะดัะฑ,
๐๐ฅ,ะะฑะพะถะถะตะฝะฝัะน ัะธะปะพัะพััะบะธะน ะบะฐะผะตะฝั,ะพะฑะพะถะถะตะฝะฝัะน ัะธะปะพัะพััะบะธะน ะบะฐะผะตะฝั,
๐ฟ,ะะถะตัะตะปัะต ะะธะดะฐ,ะพะถะตัะตะปัะต ะฐะธะดะฐ,
,ะะถะตัะตะปัะต ะะฐะฐะปะฐ,ะพะถะตัะตะปัะต ะฑะฐะฐะปะฐ,
,ะะถะตัะตะปัะต ะะตะปะธะพัะฐ,ะพะถะตัะตะปัะต ะณะตะปะธะพัะฐ,
๐,ะะถะตัะตะปัะต ะบะฐะผะฝะตะน,ะพะถะตัะตะปัะต ะบะฐะผะฝะตะน,II
๐ฅ๐ฟ,ะะถะตัะตะปัะต ะขะพัะบะฒะตะผะฐะดั,ะพะถะตัะตะปัะต ัะพัะบะฒะตะผะฐะดั,
๐ฟ,ะะถะตัะตะปัะต ัะพัะฝะพััะธ ะฑะตะทะดะฝั,ะพะถะตัะตะปัะต ัะพัะฝะพััะธ ะฑะตะทะดะฝั,IV
๐ฟ,ะะถะตัะตะปัะต ััะพััะธ ะฑะตะทะดะฝั,ะพะถะตัะตะปัะต ััะพััะธ ะฑะตะทะดะฝั,IV
๐,ะะบัะฝั,ะพะบัะฝั,
โ๏ธ,ะะปะพะฒะพ,ะพะปะพะฒะพ,
๐,ะัะฐะบัะป,ะพัะฐะบัะป,
๐,ะัะปะธะฝัะน ะณะปะฐะท,ะพัะปะธะฝัะน ะณะปะฐะท,
๐ช,ะััะถะธะต: Bec de Corbin,ะพััะถะธะต: bec de corbin,III
๐ช,ะััะถะธะต: ะะปะตะฒะตั ะฟัะพะฑะพะธะฝ,ะพััะถะธะต: ะบะปะตะฒะตั ะฟัะพะฑะพะธะฝ,II
๐ฅ,ะัััะพะต ะปะตัะพ,ะพัััะพะต ะปะตัะพ,I
๐ก,ะะฐะฒะตะทะฐ ะััะณะธ,ะฟะฐะฒะตะทะฐ ะฟััะณะธ,III+
๐ฅพ,ะะฐะฝัะธัะฝัะต ัะฐะฟะพะณะธ ะคัะฐะบะธะนัะฐ,ะฟะฐะฝัะธัะฝัะต ัะฐะฟะพะณะธ ััะฐะบะธะนัะฐ,IV
๐ช,ะะฐัะฝัะต ะบะธะฝะถะฐะปั ะะตัะตะปะธ,ะฟะฐัะฝัะต ะบะธะฝะถะฐะปั ะผะตัะตะปะธ,III+
๐ช,ะะฐัะฝัะต ัะพะฝะดะตะปะธ ะะตัะตะปะธ,ะฟะฐัะฝัะต ัะพะฝะดะตะปะธ ะผะตัะตะปะธ,III+
๐ช,ะะฐัะฝัะต ัะฐะธ ะััะณะธ,ะฟะฐัะฝัะต ัะฐะธ ะฟััะณะธ,III+
๐ฅฎ,ะะฐััััะธะน ัะปะตะฑ,ะฟะฐััััะธะน ัะปะตะฑ,I
๐ถ,ะะตัะตั,ะฟะตัะตั,
๐งค,ะะตััะฐัะบะธ: Graceful Gloves,ะฟะตััะฐัะบะธ: graceful gloves,III
๐งค,ะะตััะฐัะบะธ: Leather gloves,ะฟะตััะฐัะบะธ: leather gloves,II
๐,ะะตัะฐัั ะธัะบััะตะฝะธั,ะฟะตัะฐัั ะธัะบััะตะฝะธั,II
๐,ะะตัะฐัั ััะฐััะฐ,ะฟะตัะฐัั ััะฐััะฐ,II
๐ช,ะะตัะตะฝัะต,ะฟะตัะตะฝัะต,
๐บ,ะะธะฝัะฐ ะญะปั,ะฟะธะฝัะฐ ัะปั,
๐ฅฎ,ะะธัะพะณ - 24ั,ะฟะธัะพะณ - 24ั,IV
๐ฅฎ,ะะธัะพะณ - 7 ะดะฝะตะน,ะฟะธัะพะณ - 7 ะดะฝะตะน,IV
๐,ะะพัะปะตะดะฝะธะน ัะฐะฝั,ะฟะพัะปะตะดะฝะธะน ัะฐะฝั,II
๐,ะะพัะปะตะดะฝะธะน ัะฐะฝั,ะฟะพัะปะตะดะฝะธะน ัะฐะฝั,III
๐,ะะพัะปะตะดะฝะธะน ัะฐะฝั,ะฟะพัะปะตะดะฝะธะน ัะฐะฝั,IV
๐,ะะพัะปะตะดะฝะธะน ัะฐะฝั,ะฟะพัะปะตะดะฝะธะน ัะฐะฝั,V
๐,ะะพััะพัะธัะตะปั,ะฟะพััะพัะธัะตะปั,
๐ฉ,ะะพัะพะดะฝะฐั ะบะฐัะบะฐ,ะฟะพัะพะดะฝะฐั ะบะฐัะบะฐ,II
๐,ะะพัั ะัะผะตะฐะดะพัะฐ,ะฟะพัั ะฝัะผะตะฐะดะพัะฐ,I
๐,ะัะฐะฒะพ ะฝะฐ ะถะธะทะฝั,ะฟัะฐะฒะพ ะฝะฐ ะถะธะทะฝั,I
๐,ะัะฐะทะดะฝะธัะฝัะน ัะฐะปัั,ะฟัะฐะทะดะฝะธัะฝัะน ัะฐะปัั,
๐,ะัะตะผะธัะผ 15 ะดะฝะตะน,ะฟัะตะผะธัะผ 15 ะดะฝะตะน,
๐,ะัะตะผะธัะผ 30 ะดะฝะตะน,ะฟัะตะผะธัะผ 30 ะดะฝะตะน,
๐,ะัะตะผะธัะผ 7 ะดะฝะตะน,ะฟัะตะผะธัะผ 7 ะดะฝะตะน,
๐,ะัะพะฒะธะดะตะฝะธะต,ะฟัะพะฒะธะดะตะฝะธะต,III
๐,ะัะพะฒะธะดะตะฝะธะต,ะฟัะพะฒะธะดะตะฝะธะต,IV
โด๏ธ๐บ,ะัะพะฟะธัะฐะฝะฝัะน ะดัะฑ,ะฟัะพะฟะธัะฐะฝะฝัะน ะดัะฑ,
๐ฅพ,ะัะพัะธััะต ะฑะพัะธะฝะบะธ,ะฟัะพัะธััะต ะฑะพัะธะฝะบะธ,II
๐,ะัะปัะฝัะน ััะฐะณะผะตะฝั ะพััะถะธั,ะฟัะปัะฝัะน ััะฐะณะผะตะฝั ะพััะถะธั,
๐,ะัะปัะฝัะน ััะฐะณะผะตะฝั ะฟะตััะฐัะบะธ,ะฟัะปัะฝัะน ััะฐะณะผะตะฝั ะฟะตััะฐัะบะธ,
๐,ะัะปัะฝัะน ััะฐะณะผะตะฝั ะฟะตััะฐัะพะบ,ะฟัะปัะฝัะน ััะฐะณะผะตะฝั ะฟะตััะฐัะพะบ,
๐,ะัะปัะฝัะน ััะฐะณะผะตะฝั ัะฐะฟะพะณ,ะฟัะปัะฝัะน ััะฐะณะผะตะฝั ัะฐะฟะพะณ,
๐,ะัะปัะฝัะน ััะฐะณะผะตะฝั ัะปะตะผะฐ,ะฟัะปัะฝัะน ััะฐะณะผะตะฝั ัะปะตะผะฐ,
๐,ะัะปัะฝัะน ััะฐะณะผะตะฝั ัะธัะฐ,ะฟัะปัะฝัะน ััะฐะณะผะตะฝั ัะธัะฐ,
๐,ะะฐะฒะฝะพะฟัะฐะฒะธะต,ัะฐะฒะฝะพะฟัะฐะฒะธะต,I
๐,ะะฐะทััะฒะฝะฐั ัััะตะปะฐ,ัะฐะทััะฒะฝะฐั ัััะตะปะฐ,I
๐ง,ะะตะผะบะพะผะฟะปะตะบั,ัะตะผะบะพะผะฟะปะตะบั,
๐,ะะตัะตะฟั : ะัััััะต ะฟะฐะปััั,ัะตัะตะฟั : ะฑัััััะต ะฟะฐะปััั,II
๐,ะะตัะตะฟั : ะัะฐัะปะตัั ัะบะพัะพััะธ,ัะตัะตะฟั : ะฑัะฐัะปะตัั ัะบะพัะพััะธ,II
๐,ะะตัะตะฟั : ะัััััะต ะฟะฐะปััั,ัะตัะตะฟั : ะฑัััััะต ะฟะฐะปััั,II
๐,ะะตัะตะฟั : ะัะตะฒะฝะธะต ะบะพัััะฝัะต ะฝะฐัััะธ,ัะตัะตะฟั : ะดัะตะฒะฝะธะต ะบะพัััะฝัะต ะฝะฐัััะธ,III
๐,ะะตัะตะฟั : ะัะตะฒะฝะธะน ัะธั ะธะท ััะฐะปะธ,ัะตัะตะฟั : ะดัะตะฒะฝะธะน ัะธั ะธะท ััะฐะปะธ,III
๐,ะะตัะตะฟั : ะัะตะฒะฝะธะน ัะธั ะบัะพะฒะธ,ัะตัะตะฟั : ะดัะตะฒะฝะธะน ัะธั ะบัะพะฒะธ,III
๐,ะะตัะตะฟั : ะะทััะฝัะน ะดะพัะฟะตั,ัะตัะตะฟั : ะธะทััะฝัะน ะดะพัะฟะตั,II
๐,ะะตัะตะฟั : ะะปะตะฒะตั ะฟัะพะฑะพะธะฝ,ัะตัะตะฟั : ะบะปะตะฒะตั ะฟัะพะฑะพะธะฝ,II
๐,ะะตัะตะฟั : ะะพะปัะต ะฑะตะทัะฐัััะดััะฒะฐ,ัะตัะตะฟั : ะบะพะปัะต ะฑะตะทัะฐัััะดััะฒะฐ,II
๐,ะะตัะตะฟั : ะัะพะฒะฐะฒะฐั ัะตะบะธัะฐ,ัะตัะตะฟั : ะบัะพะฒะฐะฒะฐั ัะตะบะธัะฐ,II
๐,ะะตัะตะฟั : ะัััะธัะตะปั,ัะตัะตะฟั : ะบัััะธัะตะปั,II
๐,ะะตัะตะฟั : ะัะปะพะฝ ะฝะฐะธัะธั,ัะตัะตะฟั : ะบัะปะพะฝ ะฝะฐะธัะธั,II
๐,ะะตัะตะฟั : ะัะปะพะฝ ัััะตะผะปะตะฝะธะน,ัะตัะตะฟั : ะบัะปะพะฝ ัััะตะผะปะตะฝะธะน,II
๐,ะะตัะตะฟั : ะะตะดัะฝะฐั ะผะฐัะบะฐ ะถัะตัะฐ,ัะตัะตะฟั : ะปะตะดัะฝะฐั ะผะฐัะบะฐ ะถัะตัะฐ,III
๐,ะะตัะตะฟั : ะะตะดัะฝะพะน ะผะฐัะธะพะฝ ะฟัะพะฒะธะดัะฐ,ัะตัะตะฟั : ะปะตะดัะฝะพะน ะผะฐัะธะพะฝ ะฟัะพะฒะธะดัะฐ,III
๐,ะะตัะตะฟั : ะะตะดัะฝะพะน ะฟะตัััะตะฝั ะธะทะผะตะฝะฝะธะบะฐ,ัะตัะตะฟั : ะปะตะดัะฝะพะน ะฟะตัััะตะฝั ะธะทะผะตะฝะฝะธะบะฐ,III
๐,ะะตัะตะฟั : ะะฐััะธะฒะฝัะน ะฟะฐะฝัะธัั,ัะตัะตะฟั : ะผะฐััะธะฒะฝัะน ะฟะฐะฝัะธัั,II
๐,ะะตัะตะฟั : ะะถะตัะตะปัะต ะบะฐะผะฝะตะน,ัะตัะตะฟั : ะพะถะตัะตะปัะต ะบะฐะผะฝะตะน,II
๐,ะะตัะตะฟั : ะะตัะฐัั ััะฐััะฐ,ัะตัะตะฟั : ะฟะตัะฐัั ััะฐััะฐ,II
๐,ะะตัะตะฟั : ะะพัะพะดะฝะฐั ะบะฐัะบะฐ,ัะตัะตะฟั : ะฟะพัะพะดะฝะฐั ะบะฐัะบะฐ,II
๐,ะะตัะตะฟั : ะกะฐะฝะดะฐะปะธ ะฟะพะปะตัะฐ,ัะตัะตะฟั : ัะฐะฝะดะฐะปะธ ะฟะพะปะตัะฐ,II
๐,ะะตัะตะฟั : ะขัะถะตะปะฐั ะบะพะปัััะณะฐ,ัะตัะตะฟั : ััะถะตะปะฐั ะบะพะปัััะณะฐ,II
๐,ะะตัะตะฟั : ะขัะถะตะปัะน ะบะปะธะฝะพะบ,ัะตัะตะฟั : ััะถะตะปัะน ะบะปะธะฝะพะบ,II
๐,ะะตัะตะฟั : ะฃะปัััะตะฝะฝัะน ะฐะบะธะฝะฐะบ,ัะตัะตะฟั : ัะปัััะตะฝะฝัะน ะฐะบะธะฝะฐะบ,II
๐,ะะตัะตะฟั : ะฃัะธะปะตะฝะฝะฐั ัะฐัะณะฐ,ัะตัะตะฟั : ััะธะปะตะฝะฝะฐั ัะฐัะณะฐ,II
๐,ะะตัะตะฟั : ะคะตััะพะฒะฐะปัะฝัะต ะฟะตััะฐัะบะธ,ัะตัะตะฟั : ัะตััะพะฒะฐะปัะฝัะต ะฟะตััะฐัะบะธ,II
๐,ะะตัะตะฟั : ะจะฐะฟะพ ั ะฟะตัะพะผ,ัะตัะตะฟั : ัะฐะฟะพ ั ะฟะตัะพะผ,II
๐,ะะตัะตะฟั : ะจะปะธัะพะฒะฐะฝะฝะพะต ะทะฐะฑัะฐะปะพ,ัะตัะตะฟั : ัะปะธัะพะฒะฐะฝะฝะพะต ะทะฐะฑัะฐะปะพ,II
๐,ะะตัะตะฟั ะัะฐัะปะตัั ัะบะพัะพััะธ,ัะตัะตะฟั ะฑัะฐัะปะตัั ัะบะพัะพััะธ,II
๐,ะะตัะตะฟั ะัะตะฒะฝะตะต ะบะพะปััะพ ะฑะฐะปะฐะฝัะฐ,ัะตัะตะฟั ะดัะตะฒะฝะตะต ะบะพะปััะพ ะฑะฐะปะฐะฝัะฐ,III
๐,ะะตัะตะฟั ะัะตะฒะฝะตะต ัะบะพะปัะทััะตะต ะบะพะปััะพ,ัะตัะตะฟั ะดัะตะฒะฝะตะต ัะบะพะปัะทััะตะต ะบะพะปััะพ,III
๐,ะะตัะตะฟั ะัะตะฒะฝะธะต ะฑัะฐัะปะตัั ะฝะฐะธัะธั,ัะตัะตะฟั ะดัะตะฒะฝะธะต ะฑัะฐัะปะตัั ะฝะฐะธัะธั,
๐,ะะตัะตะฟั ะัะตะฒะฝะธะต ัะฐะฟะพะณะธ ะฑะฐะปะฐะฝัะฐ,ัะตัะตะฟั ะดัะตะฒะฝะธะต ัะฐะฟะพะณะธ ะฑะฐะปะฐะฝัะฐ,III
๐,ะะตัะตะฟั ะัะตะฒะฝะธะน ะบะพัััะฝะพะน ะฑะตัะดัั,ัะตัะตะฟั ะดัะตะฒะฝะธะน ะบะพัััะฝะพะน ะฑะตัะดัั,III
๐,ะะตัะตะฟั ะัะตะฒะฝะธะน ะผะตัะฐัะตะปัะฝัะน ะฝะพะถ,ัะตัะตะฟั ะดัะตะฒะฝะธะน ะผะตัะฐัะตะปัะฝัะน ะฝะพะถ,III
๐,ะะตัะตะฟั ะัะตะฒะฝัั ะฟะตัะฐัั ะบะพััะตะน,ัะตัะตะฟั ะดัะตะฒะฝัั ะฟะตัะฐัั ะบะพััะตะน,III
๐,ะะตัะตะฟั ะัะตะฒะฝัั ัะตะบะธัะฐ ะบัะพะฒะธ,ัะตัะตะฟั ะดัะตะฒะฝัั ัะตะบะธัะฐ ะบัะพะฒะธ,III
๐,ะะตัะตะฟั ะะทััะฝัะน ะดะพัะฟะตั,ัะตัะตะฟั ะธะทััะฝัะน ะดะพัะฟะตั,II
๐,ะะตัะตะฟั ะะปะตะฒะตั ะฟัะพะฑะพะธะฝ,ัะตัะตะฟั ะบะปะตะฒะตั ะฟัะพะฑะพะธะฝ,II
๐,ะะตัะตะฟั ะะพะปัะต ะฑะตะทัะฐัััะดััะฒะฐ,ัะตัะตะฟั ะบะพะปัะต ะฑะตะทัะฐัััะดััะฒะฐ,II
๐,ะะตัะตะฟั ะัะพะฒะฐะฒะฐั ัะตะบะธัะฐ,ัะตัะตะฟั ะบัะพะฒะฐะฒะฐั ัะตะบะธัะฐ,II
๐,ะะตัะตะฟั ะัััะธัะตะปั,ัะตัะตะฟั ะบัััะธัะตะปั,II
๐,ะะตัะตะฟั ะัะปะพะฝ ะฝะฐะธัะธั,ัะตัะตะฟั ะบัะปะพะฝ ะฝะฐะธัะธั,II
๐,ะะตัะตะฟั ะัะปะพะฝ ัััะตะผะปะตะฝะธะน,ัะตัะตะฟั ะบัะปะพะฝ ัััะตะผะปะตะฝะธะน,II
๐,ะะตัะตะฟั ะะฐััะธะฒะฝัะน ะฟะฐะฝัะธัั,ัะตัะตะฟั ะผะฐััะธะฒะฝัะน ะฟะฐะฝัะธัั,II
๐,ะะตัะตะฟั ะะถะตัะตะปัะต ะบะฐะผะฝะตะน,ัะตัะตะฟั ะพะถะตัะตะปัะต ะบะฐะผะฝะตะน,II
๐,ะะตัะตะฟั ะพัะพะฑะพะณะพ ะดะพัะฟะตัะฐ,ัะตัะตะฟั ะพัะพะฑะพะณะพ ะดะพัะฟะตัะฐ,
๐,ะะตัะตะฟั ะพัะพะฑะพะณะพ ะพััะถะธั,ัะตัะตะฟั ะพัะพะฑะพะณะพ ะพััะถะธั,IV
๐,ะะตัะตะฟั ะพัะพะฑะพะน ะฟะตััะฐัะบะธ,ัะตัะตะฟั ะพัะพะฑะพะน ะฟะตััะฐัะบะธ,
๐,ะะตัะตะฟั ะะตัะฐัั ะธัะบััะตะฝะธั,ัะตัะตะฟั ะฟะตัะฐัั ะธัะบััะตะฝะธั,II
๐,ะะตัะตะฟั ะะตัะฐัั ััะฐััะฐ,ัะตัะตะฟั ะฟะตัะฐัั ััะฐััะฐ,II
๐,ะะตัะตะฟั ะะพัะพะดะฝะฐั ะบะฐัะบะฐ,ัะตัะตะฟั ะฟะพัะพะดะฝะฐั ะบะฐัะบะฐ,II
๐,ะะตัะตะฟั ะัะพัะธััะต ะฑะพัะธะฝะบะธ,ัะตัะตะฟั ะฟัะพัะธััะต ะฑะพัะธะฝะบะธ,II
๐,ะะตัะตะฟั ะัะฑะธะฝะพะฒะฐั ัะพัััะฟั,ัะตัะตะฟั ััะฑะธะฝะพะฒะฐั ัะพัััะฟั,II
๐,ะะตัะตะฟั ะขัะถะตะปะฐั ะบะพะปัััะณะฐ,ัะตัะตะฟั ััะถะตะปะฐั ะบะพะปัััะณะฐ,II
๐,ะะตัะตะฟั ะขัะถะตะปัะต ััะบะฐะฒะธัั,ัะตัะตะฟั ััะถะตะปัะต ััะบะฐะฒะธัั,II
๐,ะะตัะตะฟั ะขัะถะตะปัะน ะบะปะธะฝะพะบ,ัะตัะตะฟั ััะถะตะปัะน ะบะปะธะฝะพะบ,
๐,ะะตัะตะฟั ะฃะปัััะตะฝะฝัะน ะฐะบะธะฝะฐะบ,ัะตัะตะฟั ัะปัััะตะฝะฝัะน ะฐะบะธะฝะฐะบ,II
๐,ะะตัะตะฟั ะฃัะธะปะตะฝะฝะฐั ัะฐัะณะฐ,ัะตัะตะฟั ััะธะปะตะฝะฝะฐั ัะฐัะณะฐ,II
๐,ะะตัะตะฟั ะคะตััะพะฒะฐะปัะฝัะต ะฟะตััะฐัะบะธ,ัะตัะตะฟั ัะตััะพะฒะฐะปัะฝัะต ะฟะตััะฐัะบะธ,II
๐,ะะตัะตะฟั ะจะปะธัะพะฒะฐะฝะฝะพะต ะทะฐะฑัะฐะปะพ,ัะตัะตะฟั ัะปะธัะพะฒะฐะฝะฝะพะต ะทะฐะฑัะฐะปะพ,II
๐,ะะตัะตะฟั: ะะถะตัะตะปัะต ััะพััะธ ะฑะตะทะดะฝั,ัะตัะตะฟั: ะพะถะตัะตะปัะต ััะพััะธ ะฑะตะทะดะฝั,IV
๐ค,ะะถะฐะฒะฐั ะผะพะฝะตัะฐ,ัะถะฐะฒะฐั ะผะพะฝะตัะฐ,
๐ฉ,ะะถะฐะฒัะน ะฑะฐัะธะฝะตั,ัะถะฐะฒัะน ะฑะฐัะธะฝะตั,II
,ะะถะฐะฒัะน ะบะปะตะฒะตั,ัะถะฐะฒัะน ะบะปะตะฒะตั,
๐,ะะพะณ ะธะทะพะฑะธะปะธั,ัะพะณ ะธะทะพะฑะธะปะธั,I
๐,ะัะฑะธะฝะพะฒะฐั ัะพัััะฟั,ััะฑะธะฝะพะฒะฐั ัะพัััะฟั,II
๐,ะัะฑะธะฝะพะฒะพะต ะบะพะปััะพ,ััะฑะธะฝะพะฒะพะต ะบะพะปััะพ,II
๐ข,ะัะฟะพั,ััะฟะพั,
๐,ะกะฐะปัั ะพัะพัะฝะธะบะฐ,ัะฐะปัั ะพัะพัะฝะธะบะฐ,
๐ฅพ,ะกะฐะฝะดะฐะปะธ ะฟะพะปะตัะฐ,ัะฐะฝะดะฐะปะธ ะฟะพะปะตัะฐ,II
๐ฅพ,ะกะฐะฟะพะณะธ: Crusher Boots,ัะฐะฟะพะณะธ: crusher boots,III
๐ฏ,ะกะฒะตัะฐ ะดะปั ะพะฑะถะธะณะฐ,ัะฒะตัะฐ ะดะปั ะพะฑะถะธะณะฐ,
๐ท,"ะกะฒะธัะพะบ ""Only PvE"" 1ั","ัะฒะธัะพะบ ""only pve"" 1ั",
โ๏ธ,"ะกะฒะธัะพะบ ""Only PvP"" 30ะผ","ัะฒะธัะพะบ ""only pvp"" 30ะผ",
๐,ะกะฒะธัะพะบ ะทะฐัะพัะบะธ,ัะฒะธัะพะบ ะทะฐัะพัะบะธ,I
๐,ะกะฒะธัะพะบ ะทะฐัะพัะบะธ,ัะฒะธัะพะบ ะทะฐัะพัะบะธ,II
๐,ะกะฒะธัะพะบ ะทะฐัะพัะบะธ,ัะฒะธัะพะบ ะทะฐัะพัะบะธ,III
๐,ะกะฒะธัะพะบ ะทะฐัะพัะบะธ,ัะฒะธัะพะบ ะทะฐัะพัะบะธ,IV
๐,ะกะฒะธัะพะบ ะัะตะปะตัะฐ,ัะฒะธัะพะบ ะบัะตะปะตัะฐ,
๐๐ฅจ,ะกะฒะธัะพะบ ะบัะปะธะฝะฐัะฐ,ัะฒะธัะพะบ ะบัะปะธะฝะฐัะฐ,
๐,ะกะฒะธัะพะบ ัะดะฐัะธ,ัะฒะธัะพะบ ัะดะฐัะธ,
๐ช,ะกะตะบะธัะฐ ะััะณะธ,ัะตะบะธัะฐ ะฟััะณะธ,III+
๐,ะกะตััะธัะธะบะฐั cะฑัะพัะฐ ะฟะฐัะฐะผะตััะพะฒ,ัะตััะธัะธะบะฐั cะฑัะพัะฐ ะฟะฐัะฐะผะตััะพะฒ,
๐,ะกะตััะธัะธะบะฐั ัะผะตะฝั ะฝะธะบะฐ,ัะตััะธัะธะบะฐั ัะผะตะฝั ะฝะธะบะฐ,
๐,ะกะตััะธัะธะบะฐั ัะผะตะฝั ัะฐัั,ัะตััะธัะธะบะฐั ัะผะตะฝั ัะฐัั,
๐,ะกะตััะณะธ ะะฐะผะตััะฟะฐ,ัะตััะณะธ ะปะฐะผะตััะฟะฐ,I
๐,ะกะธะปะฐ ะฒะพะปะธ,ัะธะปะฐ ะฒะพะปะธ,III
๐,ะกะธะปะฐ ะฒะพะปะธ,ัะธะปะฐ ะฒะพะปะธ,IV
๐,ะกะธะปะฐ ะฒะพะปะธ,ัะธะปะฐ ะฒะพะปะธ,V
๐,ะกะบะธะฟะตัั,ัะบะธะฟะตัั,I
๐,ะกะบะพัะพััั,ัะบะพัะพััั,III
๐,ะกะบะพัะพััั,ัะบะพัะพััั,IV
๐,ะกะบะพัะพััั,ัะบะพัะพััั,V
๐ก,ะกะบัััะผ ะััะณะธ,ัะบัััะผ ะฒััะณะธ,III+
๐ฉธ๐ด,ะกะปะธัะพะบ ะธะท ะฒะพะปัััะฐะผะฐ,ัะปะธัะพะบ ะธะท ะฒะพะปัััะฐะผะฐ,
๐,ะกะผะตััะตะปัะฝัะน ัะด,ัะผะตััะตะปัะฝัะน ัะด,III
๐,ะกะผะตััะตะปัะฝัะน ัะด,ัะผะตััะตะปัะฝัะน ัะด,IV
โ๏ธ,ะกะพัะฝะฐ,ัะพัะฝะฐ,
โบ๏ธ,ะกัะฐะปั,ััะฐะปั,
๐,ะกััะฐะฝะธัะฐ ะธะท ััะฐะณะผะตะฝัะพะฒ ะดะพัะฟะตัะฐ,ัััะฐะฝะธัะฐ ะธะท ััะฐะณะผะตะฝัะพะฒ ะดะพัะฟะตัะฐ,
๐,ะกััะฐะฝะธัะฐ ะธะท ััะฐะณะผะตะฝัะพะฒ ะพััะถะธั,ัััะฐะฝะธัะฐ ะธะท ััะฐะณะผะตะฝัะพะฒ ะพััะถะธั,
๐ฅซ,ะกัะฑััะฐะฝัะธั ะดะถะธะฝะฐ ะณัะตัะพะฒ,ััะฑััะฐะฝัะธั ะดะถะธะฝะฐ ะณัะตัะพะฒ,
๐ฆ,ะกัะฝะดัะบ ะฒะพััะพัะฝะพะณะพ ะทะฒะตัั,ััะฝะดัะบ ะฒะพััะพัะฝะพะณะพ ะทะฒะตัั,
๐ฆ,ะกัะฝะดัะบ ั ะฒะพะดะพะฟะฐะดะฐ,ััะฝะดัะบ ั ะฒะพะดะพะฟะฐะดะฐ,
๐ฆ,ะกัะฝะดัะบ ั ะฟะพะดะฒะฐะปะฐ,ััะฝะดัะบ ั ะฟะพะดะฒะฐะปะฐ,
๐ฆ,ะกัะฝะดัะบ ั ะฟัะพะบะปัััั ะทะตะผะตะปั,ััะฝะดัะบ ั ะฟัะพะบะปัััั ะทะตะผะตะปั,
๐,ะขะฐะปะฐะฝั - ะะปะตััััะธะต ะปะฐัั (24 ั.),ัะฐะปะฐะฝั - ะฑะปะตััััะธะต ะปะฐัั (24 ั.),
๐,ะขะฐะปะฐะฝั - ะะฐะบะฐะปะบะฐ (24 ั.),ัะฐะปะฐะฝั - ะทะฐะบะฐะปะบะฐ (24 ั.),
๐,ะขะฐะปะฐะฝั - ะะพะปะพัะฐั ะฐะฝัะธะปะพะฟะฐ (7 ะดะฝะตะน),ัะฐะปะฐะฝั - ะทะพะปะพัะฐั ะฐะฝัะธะปะพะฟะฐ (7 ะดะฝะตะน),
๐,ะขะฐะปะฐะฝั - ะัะฐะบัะป (24 ั.),ัะฐะปะฐะฝั - ะพัะฐะบัะป (24 ั.),
๐,ะขะฐะปะฐะฝั - ะัะปะธะฝัะน ะณะปะฐะท (24 ั.),ัะฐะปะฐะฝั - ะพัะปะธะฝัะน ะณะปะฐะท (24 ั.),
๐,ะขะฐะปะฐะฝั - ะะพััะพัะธัะตะปั [ะะฒะตะฝั],ัะฐะปะฐะฝั - ะฟะพััะพัะธัะตะปั [ะธะฒะตะฝั],
โ๏ธ,ะขะธัะฐะฝ,ัะธัะฐะฝ,
๐ฝ,ะขัะถะตะปะฐั ะบะพะปัััะณะฐ,ััะถะตะปะฐั ะบะพะปัััะณะฐ,II
๐ช,ะขัะถะตะปัะน ะบะปะธะฝะพะบ,ััะถะตะปัะน ะบะปะธะฝะพะบ,
๐งช,ะฃะดะฐัะฐ ัะพัะณะพะฒัะฐ,ัะดะฐัะฐ ัะพัะณะพะฒัะฐ,
๐ฃ,ะฃะดะพัะบะฐ ะผะฐััะตัะฐ,ัะดะพัะบะฐ ะผะฐััะตัะฐ,III
๐ฃ,ะฃะดะพัะบะฐ ะฟะพะดะผะฐััะตััั,ัะดะพัะบะฐ ะฟะพะดะผะฐััะตััั,II
๐ช,ะฃะปัััะตะฝะฝัะน ะฐะบะธะฝะฐะบ,ัะปัััะตะฝะฝัะน ะฐะบะธะฝะฐะบ,II
๐ก,ะฃัะธะปะตะฝะฝะฐั ัะฐัะณะฐ,ััะธะปะตะฝะฝะฐั ัะฐัะณะฐ,II
๐งค,ะคะตััะพะฒะฐะปัะฝัะต ะฟะตััะฐัะบะธ,ัะตััะพะฒะฐะปัะฝัะต ะฟะตััะฐัะบะธ,II
๐,ะคะธะปะพัะพััะบะธะน ะบะฐะผะตะฝั,ัะธะปะพัะพััะบะธะน ะบะฐะผะตะฝั,
๐ช,ะคะปะฐะผะฑะตัะณ ะะฐัะถะฐะฝั,ัะปะฐะผะฑะตัะณ ะผะฐัะถะฐะฝั,III+
๐ช,ะคะปะฐะผะฑะตัะณ ะฟะพะปัะผะตัััะฐ,ัะปะฐะผะฑะตัะณ ะฟะพะปัะผะตัััะฐ,II
โบ๏ธ,ะฅะธัะธะฝ,ัะธัะธะฝ,
๐ช,ะงะตะบะฐะฝ ะะฐัะถะฐะฝั,ัะตะบะฐะฝ ะผะฐัะถะฐะฝั,III+
๐๐ญ,ะงะตััะตะถ ะดะฒััััะฝะพะณะพ ะพััะถะธั,ัะตััะตะถ ะดะฒััััะฝะพะณะพ ะพััะถะธั,III
๐๐ญ,ะงะตััะตะถ ะฝะฐะตะผะฝะธะบะฐ,ัะตััะตะถ ะฝะฐะตะผะฝะธะบะฐ,II
๐๐ญ,ะงะตััะตะถ ะพะดะฝะพัััะฝะพะณะพ ะพััะถะธั,ัะตััะตะถ ะพะดะฝะพัััะฝะพะณะพ ะพััะถะธั,III
๐๐ญ,ะงะตััะตะถ ัะบะธะฟะธัะพะฒะบะธ,ัะตััะตะถ ัะบะธะฟะธัะพะฒะบะธ,"II, III"
๐ง,ะงะตัะฝะพะบ,ัะตัะฝะพะบ,
๐ฒ,ะงะตัะฝะพัะฝะฐั ะฟะพัะปะตะฑะบะฐ,ัะตัะฝะพัะฝะฐั ะฟะพัะปะตะฑะบะฐ,I
โ๏ธ๐ง,ะงะธััะฐั ะบะพะถะฐ,ัะธััะฐั ะบะพะถะฐ,
โด๏ธ๐ง,ะงะธััะฐั ะบะพััั,ัะธััะฐั ะบะพััั,
โบ๐ง,ะงะธัััะน ัะธัะธะฝ - 27ัั,ัะธัััะน ัะธัะธะฝ - 27ัั,
๐ฉ,ะจะฐะฟะพ ั ะฟะตัะพะผ,ัะฐะฟะพ ั ะฟะตัะพะผ,II
๐ช,ะจะตััะพะฟัั ะััะณะธ,ัะตััะพะฟัั ะฒััะณะธ,III+
๐ก,ะจะธะฟะฐัััะน ัะธั,ัะธะฟะฐัััะน ัะธั,II
๐ฉ,ะจะปะตะผ: ะัะตะฒะฝะธะน ะบัะพะฒะฐะฒัะน ัะปะตะผ,ัะปะตะผ: ะดัะตะฒะฝะธะน ะบัะพะฒะฐะฒัะน ัะปะตะผ,III
๐ฉ,ะจะปะธัะพะฒะฐะฝะฝะพะต ะทะฐะฑัะฐะปะพ,ัะปะธัะพะฒะฐะฝะฝะพะต ะทะฐะฑัะฐะปะพ,II
๐ก,ะฉะธั: Graceful Shield,ัะธั: graceful shield,III
๐ก,ะฉะธั: Rondache of paradise,ัะธั: rondache of paradise,II
,ะญะปะธะบัะธั ะทะดะพัะพะฒัั + 25%,ัะปะธะบัะธั ะทะดะพัะพะฒัั + 25%,I
,ะญะปะธะบัะธั ะทะดะพัะพะฒัั + 50%,ัะปะธะบัะธั ะทะดะพัะพะฒัั + 50%,I
๐,ะญะฝะตัะณะตัะธะบ,ัะฝะตัะณะตัะธะบ,
๐ช,ะญัะฟะฐะดะพะฝ ะะฐัะถะฐะฝั,ััะฟะฐะดะพะฝ ะผะฐัะถะฐะฝั,III+
๐ฎ,ะญััะตะฝัะธั ะะฐัะถะฐะฝั,ัััะตะฝัะธั ะผะฐัะถะฐะฝั,
๐ช,ะญััะตะฝัะธั ะฟัะตะฒะพััะพะดััะฒะฐ,ัััะตะฝัะธั ะฟัะตะฒะพััะพะดััะฒะฐ,
๐ช,ะญััะพะบ ะััะณะธ,ัััะพะบ ะฒััะณะธ,III+
โบโ๏ธ,ะญัะตั ะธะท ะฑัะบะฐ ะธ ัะพัะฝั,ััะตั ะธะท ะฑัะบะฐ ะธ ัะพัะฝั,
๐ถ,ะฎะถะฝัะน ะฟะตัะตั,ัะถะฝัะน ะฟะตัะตั,
๐,ะฏะด ัะบะพัะฟะธะพะฝะฐ,ัะด ัะบะพัะฟะธะพะฝะฐ,I
๐,ะฏัะพััั,ััะพััั,III
๐,ะฏัะพััั,ััะพััั,IV